{
    "bleu": 0.14891077290361085,
    "bleu-1": 0.1539838854073411,
    "bleu-4": 0.13309459862727543,
    "bertscore-precision": 0.23515368546702478,
    "bertscore-recall": 0.22799164428528798,
    "bertscore-f1": 0.2321695016413011,
    "comet": 0.28857057594747837
}